cloudlet_id,length,pes,ram,file_size,output_size,priority,submission_delay
0,31580,1,1186,593,177,2,0.5423400529065474
1,5864,2,2877,1438,431,1,4.772718944923518
2,27169,1,2176,1088,326,0,4.865411027058257
3,11037,1,2147,1073,321,1,8.157752370925017
4,6137,1,280,140,42,2,9.338577059336309
5,1000,1,2604,1302,390,2,11.461943362516777
6,1000,4,635,317,95,2,18.938132820717406
7,1000,1,3325,1662,498,1,33.109390094003345
8,3484,1,618,309,92,1,33.485251173785215
9,100000,1,3681,1840,552,1,37.30569885023704
10,1173,4,472,236,70,2,48.01370870880098
11,1000,1,2063,1031,309,1,48.444268713496456
12,34337,1,1889,944,283,1,57.145250106385106
13,100000,1,348,174,52,1,59.35953811100138
14,12668,1,2066,1033,309,0,61.30327650893794
15,12495,1,2070,1035,310,1,80.26701222407397
16,5090,2,850,425,127,1,81.3881021773007
17,1000,1,3224,1612,483,1,87.29579947772034
18,1000,1,655,327,98,1,95.90997286228878
19,5038,2,3381,1690,507,2,96.12025067546489
20,3779,1,1650,825,247,2,101.66940748971332
21,6817,1,3016,1508,452,1,116.80551954643174
22,28112,1,1792,896,268,2,117.4687211621736
23,3385,4,3241,1620,486,1,128.79619394963407
24,28986,1,608,304,91,1,133.3127782059004
25,3418,2,3105,1552,465,2,138.10622020114215
26,38459,2,1999,999,299,2,142.85215192795346
27,9223,1,3947,1973,591,2,144.62721845648534
28,4214,4,3047,1523,456,1,158.30960690596962
29,8990,1,1590,795,238,0,173.030096042745
30,5217,1,1553,776,232,2,177.93830609497888
31,9601,2,3745,1872,561,1,185.587345450802
32,25264,2,472,236,70,1,190.32442081368083
33,7109,2,4092,2046,613,2,193.6365257987316
34,4654,1,172,86,25,2,199.04264923796708
35,1502,1,3845,1922,576,2,203.06864890806852
36,19317,2,2196,1098,329,1,207.61864998459473
37,13662,1,1785,892,267,2,215.27715976443977
38,1376,1,3269,1634,490,0,218.55549035004992
39,28374,1,2015,1007,302,0,218.7635295019902
40,1343,1,3048,1524,457,2,219.65915972734854
41,37942,2,2223,1111,333,0,222.54583207529507
42,22738,1,1642,821,246,1,228.99760051904866
43,15206,4,2726,1363,408,2,233.49573535702365
44,4603,1,2462,1231,369,1,238.7490504020736
45,19219,2,1129,564,169,1,242.01175416276791
46,40723,1,1161,580,174,1,246.79395983328922
47,19703,1,2717,1358,407,1,248.78902048403637
48,2964,1,2168,1084,325,1,251.96513471562008
49,12101,1,2931,1465,439,2,258.7834773609901
50,44269,1,401,200,60,2,269.0555746280234
51,100000,4,1083,541,162,1,271.89833680555864
52,5956,2,2775,1387,416,2,272.12155437561694
53,29343,1,1907,953,285,1,273.00328685587533
54,44432,1,508,254,76,1,273.1086958917523
55,2395,1,1480,740,222,2,278.40463972654624
56,100000,1,606,303,90,1,280.424330788744
57,1639,2,2190,1095,328,3,284.3339892761225
58,27268,4,643,321,96,1,287.7329416431884
59,12809,1,318,159,47,2,288.1581527169702
60,8807,1,1319,659,197,1,290.7395329783458
61,100000,1,3720,1860,558,1,291.98543802389764
62,5157,2,2796,1398,419,1,294.6952979708934
63,5034,1,1288,644,193,2,295.83343014522563
64,59707,2,2329,1164,349,1,305.0104951853235
65,25405,2,1539,769,230,3,305.9674681678855
66,55445,1,3408,1704,511,1,322.1603807663053
67,9655,2,399,199,59,1,324.84885921191164
68,13035,1,270,135,40,1,334.2108429706617
69,100000,2,3810,1905,571,2,339.1654404907681
70,2312,1,2040,1020,306,2,345.81218153681743
71,6944,1,4019,2009,602,1,353.11132392344257
72,26832,4,1220,610,183,2,356.6257449013948
73,6040,2,2422,1211,363,1,360.5443934251907
74,3445,2,3460,1730,519,2,364.15208418852376
75,20490,1,915,457,137,2,368.5864523588518
76,60096,2,2254,1127,338,1,368.7356279565661
77,6560,1,1809,904,271,1,371.25252147712774
78,6292,2,750,375,112,3,375.9119387414057
79,3067,1,3969,1984,595,2,380.46501763174496
80,5198,4,3804,1902,570,1,388.3391396560103
81,41167,4,2700,1350,405,1,393.6603293129889
82,9150,2,2947,1473,441,1,417.8859227906739
83,2422,1,1065,532,159,1,419.5552825922934
84,12010,1,3820,1910,573,2,421.7800899199292
85,39214,2,3529,1764,529,2,424.20139100064443
86,3488,1,3388,1694,508,1,427.33643576463714
87,1104,2,1246,623,186,1,436.3758209897146
88,100000,1,744,372,111,1,437.72039798226547
89,1024,1,1159,579,173,1,445.20094873922966
90,4728,4,194,97,29,0,447.7995253666271
91,11478,2,3695,1847,554,1,452.4042252769419
92,5384,1,318,159,47,1,457.40993658146925
93,7241,1,3565,1782,534,1,459.7427733789258
94,19249,1,2943,1471,441,1,463.3362800531393
95,1000,2,648,324,97,1,466.00019789810494
96,1211,1,1117,558,167,0,466.3583910949063
97,8659,4,1268,634,190,1,469.2322383821042
98,4419,2,2442,1221,366,1,469.7445807378885
99,9839,1,1762,881,264,1,472.34072489031354
100,11401,2,2660,1330,399,1,476.8344329994212
101,1000,1,3708,1854,556,2,481.1649752012343
102,54746,1,3497,1748,524,3,486.59772109353105
103,3837,4,1315,657,197,2,487.0982677740551
104,2212,1,503,251,75,1,492.37780285284526
105,11075,1,780,390,117,2,494.2487111673155
106,9516,1,3467,1733,519,2,496.7948951515591
107,48778,1,676,338,101,0,506.55405226508304
108,12183,1,1225,612,183,1,506.5994093919561
109,46035,2,3707,1853,555,2,511.03807923565927
110,1983,2,200,100,30,1,515.6034834323893
111,10024,2,2483,1241,372,0,518.1298535475421
112,1522,1,326,163,48,2,519.4825223392211
113,9381,1,3329,1664,499,2,520.8197895498812
114,6826,1,1909,954,286,1,531.5781163850347
115,6400,1,4023,2011,603,1,534.4953163758812
116,6484,1,699,349,104,1,536.5043456550278
117,24454,1,918,459,137,2,539.4824300251677
118,1000,1,1766,883,264,1,545.0165153267599
119,2101,1,1959,979,293,1,545.8042107113527
120,7624,4,1983,991,297,2,548.7882514098239
121,1382,4,1638,819,245,1,553.2205079916415
122,8683,2,4052,2026,607,2,568.0594746084876
123,7507,4,1302,651,195,1,569.514765313808
124,1000,2,3868,1934,580,1,571.7403507187574
125,1000,1,3405,1702,510,2,574.1253597353557
126,1000,1,306,153,45,1,578.7765240725678
127,1298,2,2372,1186,355,1,580.9824937113999
128,8279,2,862,431,129,1,584.7951078232244
129,10242,2,2264,1132,339,2,592.4066022667979
130,10969,2,926,463,138,3,598.5170416484298
131,2522,1,3633,1816,544,3,601.473322851668
132,7883,2,915,457,137,1,611.4567788498164
133,14703,4,2923,1461,438,1,615.540592619968
134,1209,1,3382,1691,507,1,619.422213188529
135,9749,2,336,168,50,2,619.5961423802343
136,21692,1,620,310,93,1,641.1934603317012
137,3880,2,3329,1664,499,3,641.8495353395255
138,39868,2,2840,1420,426,1,643.1637081455035
139,4019,1,3212,1606,481,3,643.4291133250553
140,2230,2,1785,892,267,2,648.5374107689532
141,18680,1,3046,1523,456,2,649.809944498179
142,100000,2,859,429,128,1,650.8022628353295
143,9209,1,1257,628,188,0,651.2658861741727
144,21001,2,3574,1787,536,1,651.8111057244744
145,3777,1,1733,866,259,1,656.2045236269297
146,1258,2,3906,1953,585,0,662.0316163767242
147,10398,1,2873,1436,430,1,664.5639503005394
148,13181,2,3298,1649,494,1,667.8325931354144
149,4736,4,721,360,108,2,673.623890868944
150,20880,4,3786,1893,567,2,673.7115538277777
151,3037,2,3061,1530,459,1,675.6629389222329
152,2094,2,3027,1513,453,3,693.740665327339
153,39773,1,1343,671,201,1,698.0795044122053
154,40055,1,452,226,67,1,699.5461582599086
155,3129,1,1106,553,165,1,703.2340580094793
156,100000,2,1877,938,281,2,705.3317779304346
157,5267,4,1978,989,296,0,709.1308309330659
158,9201,1,3131,1565,469,1,709.8027269029224
159,7136,4,1618,809,242,2,710.5146630896247
160,17776,2,1021,510,153,1,711.2894151991998
161,12174,2,1518,759,227,2,725.3414739505637
162,11931,1,3517,1758,527,3,731.9421144967392
163,1755,1,271,135,40,3,732.828079516373
164,1000,1,511,255,76,0,733.8715042032323
165,44947,2,2391,1195,358,1,740.433555092288
166,3575,1,3560,1780,534,1,741.2825397529496
167,7528,1,2499,1249,374,1,742.6190704367663
168,13229,2,3214,1607,482,1,759.1503476241528
169,93294,2,344,172,51,1,760.6242605634368
170,10322,4,1643,821,246,3,766.0423718326534
171,4481,1,3126,1563,468,3,785.2715091067653
172,3694,1,3746,1873,561,0,787.6159045527735
173,7661,2,2358,1179,353,1,787.7042606080622
174,2071,1,2445,1222,366,1,789.1038043599881
175,8461,1,3120,1560,468,1,797.989455107541
176,7494,1,1618,809,242,2,807.9873910015142
177,95062,1,3045,1522,456,2,815.3036862865416
178,7148,1,1763,881,264,2,815.9038568560119
179,1000,1,3718,1859,557,2,823.8400469666483
180,100000,1,3741,1870,561,1,836.3867279666604
181,34038,1,2642,1321,396,2,840.9758067191091
182,100000,2,2480,1240,372,1,855.1163440143473
183,1427,1,1295,647,194,1,863.8840080636412
184,5809,2,238,119,35,1,869.3816443541298
185,22283,1,1141,570,171,1,873.6857498926066
186,18116,1,359,179,53,1,875.8287047030595
187,12841,2,1842,921,276,1,876.6962320393476
188,1000,1,3783,1891,567,3,881.3399963866872
189,1000,1,3921,1960,588,1,883.2544424010495
190,78927,1,1883,941,282,1,893.3204148379193
191,100000,4,3791,1895,568,1,918.3762950582666
192,6905,1,3699,1849,554,2,925.3565594149602
193,65227,1,2770,1385,415,1,925.8307601904552
194,1746,2,1705,852,255,3,927.5339639231643
195,2461,1,1424,712,213,2,928.111633436114
196,1550,1,3902,1951,585,1,933.3680586605067
197,2264,1,2348,1174,352,2,940.6129700827154
198,23957,2,1100,550,165,0,953.6094982562058
199,2222,1,1158,579,173,1,956.492298967874
200,100000,1,3354,1677,503,2,968.0744843993035
201,16156,1,3721,1860,558,0,978.5886968641178
202,41224,2,2721,1360,408,1,980.4964319393042
203,16897,1,2723,1361,408,1,990.6554302378062
204,50081,4,645,322,96,1,993.0108292934689
205,2203,1,1041,520,156,3,994.7718915473434
206,70997,4,2390,1195,358,1,1000.0078004536371
207,10010,4,2309,1154,346,2,1001.9981224678214
208,49706,1,2460,1230,369,1,1006.9722055539679
209,1000,1,3325,1662,498,2,1011.6780923783463
210,10624,1,2072,1036,310,1,1015.8222273736117
211,10075,1,1590,795,238,1,1018.215792236026
212,3200,2,2000,1000,300,2,1022.191688684166
213,12960,1,2861,1430,429,1,1026.729402655977
214,81585,1,3351,1675,502,1,1030.674245884669
215,2851,1,2506,1253,375,1,1033.6129542889994
216,34295,4,3737,1868,560,2,1033.6868326978624
217,1493,1,3582,1791,537,1,1038.1091182503842
218,100000,1,3314,1657,497,3,1039.031403738435
219,26288,1,3069,1534,460,1,1044.1755659383405
220,100000,4,3681,1840,552,1,1051.2975065067953
221,22205,2,1435,717,215,2,1054.7676974850829
222,14558,1,1026,513,153,2,1058.6760996781602
223,26619,1,1226,613,183,2,1073.8048472280595
224,6603,1,1317,658,197,3,1083.196906335445
225,1000,1,1340,670,201,1,1095.4777161200398
226,15852,4,2253,1126,337,1,1103.8814805180982
227,2609,2,3122,1561,468,0,1104.4580765578569
228,1552,1,3801,1900,570,2,1105.2647444603658
229,21045,2,815,407,122,2,1109.0040687203957
230,5331,1,2196,1098,329,1,1110.4163452249743
231,37856,2,693,346,103,1,1113.6543038183365
232,2481,2,1335,667,200,0,1116.1616954147437
233,3998,1,2022,1011,303,2,1120.1477296662838
234,45498,2,3421,1710,513,1,1127.0171030178033
235,12329,1,954,477,143,1,1133.3020533425022
236,1000,1,1479,739,221,1,1136.9847713195159
237,11927,1,2354,1177,353,2,1145.6256932840176
238,74746,1,1939,969,290,2,1148.4438558057286
239,3952,2,3311,1655,496,2,1159.7951370348515
240,19872,4,3935,1967,590,1,1160.164878413524
241,2266,2,3925,1962,588,1,1175.632709895049
242,6600,2,1210,605,181,2,1180.9493180869874
243,41554,2,1478,739,221,3,1183.3400980063366
244,11258,1,3080,1540,462,1,1184.4380606158606
245,56044,1,1772,886,265,0,1187.699845551246
246,15335,1,2844,1422,426,0,1188.7816679771242
247,100000,2,318,159,47,1,1189.6912658115966
248,1000,4,1351,675,202,2,1194.4944615039935
249,5850,1,1463,731,219,0,1198.1965436216854
250,1592,2,835,417,125,1,1203.74131202592
251,1764,2,3234,1617,485,1,1217.0095395529756
252,1788,1,506,253,75,0,1220.8087552984975
253,10421,1,514,257,77,1,1225.1573663392803
254,11378,1,3957,1978,593,1,1225.6268670764694
255,15385,1,2412,1206,361,1,1231.9496545866314
256,1503,1,743,371,111,2,1234.5029928245572
257,4982,1,1670,835,250,1,1253.3049213740717
258,1907,1,2458,1229,368,1,1261.9678672188963
259,32985,1,2176,1088,326,3,1265.6636242895174
260,2196,2,1882,941,282,2,1266.3211352917854
261,5880,1,591,295,88,2,1276.1308784600717
262,18778,2,3429,1714,514,0,1284.17259840061
263,3218,1,1094,547,164,0,1285.1928896593456
264,22944,1,299,149,44,0,1286.9426511122533
265,88798,4,3286,1643,492,1,1294.8276803838364
266,10770,1,3752,1876,562,1,1295.851917921564
267,31332,1,1274,637,191,3,1308.3420286879461
268,1000,2,970,485,145,1,1311.1048472204993
269,4257,1,1449,724,217,1,1311.5601575937005
270,10693,1,2036,1018,305,1,1320.0174295221182
271,1669,1,817,408,122,1,1322.3555393247834
272,11064,1,2750,1375,412,2,1326.093547647107
273,39731,1,1635,817,245,1,1326.689179271748
274,1000,1,2340,1170,351,2,1326.7021160676168
275,1361,2,2152,1076,322,3,1331.7824670677023
276,10691,2,1850,925,277,1,1335.4023052138534
277,16165,2,510,255,76,1,1339.903636391291
278,24516,2,2384,1192,357,3,1347.7968185806658
279,9569,2,3938,1969,590,2,1352.9976758415748
280,16191,1,3631,1815,544,1,1353.9581624195373
281,31420,2,1540,770,231,3,1356.195636883656
282,4351,2,1711,855,256,0,1368.0121504211768
283,3252,2,2399,1199,359,3,1375.3593282475274
284,6293,1,2178,1089,326,0,1379.4261610578058
285,10929,1,499,249,74,1,1380.9023470801478
286,3018,1,1838,919,275,2,1382.7004613742629
287,4488,2,1597,798,239,1,1389.283520606652
288,14713,1,738,369,110,1,1398.8084165736627
289,10266,2,243,121,36,1,1404.3733623279084
290,6136,1,3469,1734,520,3,1412.6646645774676
291,1000,1,574,287,86,2,1419.9408750713176
292,8060,1,1519,759,227,2,1420.751728657012
293,1891,1,3452,1726,517,1,1423.5094877168192
294,35405,1,1468,734,220,2,1424.3396650126342
295,5099,1,542,271,81,1,1425.6806022454978
296,1818,4,3294,1647,494,1,1435.85331119472
297,7388,1,1936,968,290,2,1439.055059957978
298,54505,1,3067,1533,459,1,1442.8875013658408
299,20873,2,1175,587,176,0,1443.8702892054694
300,11269,2,3827,1913,573,0,1445.7420969902614
301,1108,2,2838,1419,425,1,1447.0505195627918
302,92263,1,2001,1000,300,2,1448.205051109567
303,3189,2,1201,600,180,1,1453.2850649458871
304,32881,2,3701,1850,555,2,1454.7695795339234
305,4973,1,845,422,126,1,1459.7681516503028
306,28460,1,3697,1848,554,1,1460.0693152808424
307,57544,1,1486,743,222,1,1460.833756628097
308,21422,1,3278,1639,491,2,1462.4385050915512
309,25179,2,1733,866,259,2,1466.9831808060947
310,6990,1,3226,1613,483,3,1472.615790300568
311,4226,4,2446,1223,366,2,1475.5392004479538
312,9971,1,689,344,103,1,1478.4902667125832
313,4866,1,2979,1489,446,2,1484.9364108068885
314,100000,1,2422,1211,363,3,1485.0161487126147
315,1828,1,3975,1987,596,2,1487.1019905201706
316,36429,2,3790,1895,568,0,1495.6401959555267
317,17602,2,514,257,77,1,1500.262055063708
318,11439,1,829,414,124,2,1502.3186697178724
319,74595,1,2734,1367,410,2,1514.1157588758617
320,12677,1,1100,550,165,1,1521.5214821132054
321,3126,2,1512,756,226,2,1523.0601948193462
322,12551,1,4065,2032,609,3,1528.2424661529103
323,6156,1,1111,555,166,1,1532.7710840622092
324,17238,2,1639,819,245,2,1535.3351212772327
325,27435,4,479,239,71,0,1537.6211986477451
326,2233,1,1852,926,277,0,1539.7258221798918
327,48679,1,2079,1039,311,1,1544.5264577684072
328,5528,2,1407,703,210,0,1547.4471139673167
329,15763,2,3421,1710,513,2,1556.3619981136917
330,20446,1,2035,1017,305,0,1561.89929389093
331,14059,4,880,440,132,1,1562.2617796573852
332,6879,2,2956,1478,443,1,1567.3723728831692
333,3893,1,1152,576,172,1,1568.9537919445888
334,5412,1,673,336,100,0,1573.4461932607394
335,84775,1,1597,798,239,2,1579.1454265252362
336,2211,2,206,103,30,1,1580.4576375922645
337,2754,1,1387,693,207,2,1583.509565944376
338,2579,2,2509,1254,376,2,1584.5651768292387
339,9933,2,1016,508,152,0,1584.8339683519507
340,1000,1,3548,1774,532,2,1587.211875521416
341,1063,2,3297,1648,494,0,1589.4663662309583
342,5478,4,1233,616,184,1,1616.4631255005588
343,1174,1,2677,1338,401,0,1619.419259538404
344,1326,1,2118,1059,317,1,1621.4483570139246
345,1187,1,1628,814,244,1,1625.7915178944502
346,2275,2,3903,1951,585,2,1626.256303314578
347,24266,4,2940,1470,441,1,1642.5633591152884
348,33981,1,1048,524,157,2,1647.6021014515698
349,100000,2,677,338,101,1,1654.6312780916237
350,100000,1,2189,1094,328,2,1655.5658059574735
351,26356,1,519,259,77,1,1658.1995466502387
352,37854,1,3546,1773,531,1,1660.9464184467397
353,9864,1,2485,1242,372,1,1669.5708430750415
354,17673,1,2561,1280,384,1,1669.5770303004358
355,100000,1,3408,1704,511,1,1671.3665023674778
356,14140,1,1508,754,226,2,1691.2456778117196
357,45700,4,1101,550,165,0,1694.4663824723755
358,1995,1,3800,1900,570,2,1696.876976324802
359,2982,1,3767,1883,564,2,1697.5151716972907
360,12940,1,3293,1646,493,2,1715.7952254102106
361,10146,2,3292,1646,493,1,1715.8963734176157
362,3197,1,467,233,69,1,1722.5778071570846
363,100000,1,2772,1386,415,3,1729.8958402601463
364,10497,4,3644,1822,546,2,1731.2921398930703
365,4171,1,884,442,132,1,1736.8591217302073
366,10172,1,1173,586,175,1,1737.3467952854955
367,8418,2,2466,1233,369,1,1738.832409545213
368,10739,1,3684,1842,552,1,1746.5859435040666
369,1000,1,3983,1991,597,2,1756.5867369769026
370,56270,1,2481,1240,372,1,1761.275412268421
371,61282,1,2809,1404,421,1,1764.8100044390576
372,73532,1,3327,1663,498,1,1765.677630355648
373,13202,1,2800,1400,420,1,1766.0035721932802
374,21888,1,1066,533,159,2,1766.6293990694128
375,2209,1,3472,1736,520,2,1767.919091881788
376,28264,2,975,487,146,1,1770.009370841795
377,11821,1,569,284,85,2,1772.4068901149817
378,4061,1,2678,1339,401,1,1774.5325903624703
379,29647,2,257,128,38,1,1775.8985635305494
380,31419,2,3331,1665,499,1,1779.4624999527355
381,8874,1,724,362,108,1,1788.1855276885399
382,15639,4,2086,1043,312,1,1789.8259896865186
383,1724,1,1633,816,244,1,1804.0960265558297
384,52301,1,989,494,148,2,1814.427139516041
385,2104,2,3589,1794,538,1,1815.3094187529202
386,2812,1,2768,1384,415,2,1823.0247668212203
387,8897,1,1126,563,168,0,1827.2982454007592
388,43121,1,2500,1250,375,3,1831.478432119329
389,43084,1,3268,1634,490,2,1833.958468280449
390,8044,1,3859,1929,578,0,1837.4357474896128
391,25835,4,2623,1311,393,2,1839.9664205205925
392,1000,1,1679,839,251,1,1843.8461589946019
393,2754,2,2994,1497,449,2,1848.7897948295106
394,2840,1,1768,884,265,1,1854.3987460976325
395,53014,2,3364,1682,504,2,1858.2003246038485
396,21633,2,1639,819,245,2,1864.590611747356
397,10689,2,1864,932,279,1,1865.35216224181
398,12364,1,2884,1442,432,0,1866.5433370903295
399,85178,1,1577,788,236,2,1875.0823133529686
400,6277,1,3896,1948,584,1,1877.0292484669449
401,1128,2,1985,992,297,1,1877.1450482584735
402,41389,2,392,196,58,0,1877.979993667664
403,10644,1,4074,2037,611,1,1879.2455237648235
404,33877,1,2787,1393,417,3,1895.015986358435
405,7576,1,3541,1770,531,1,1899.2713278270242
406,2302,2,3007,1503,450,1,1912.7665873996787
407,14827,1,3925,1962,588,2,1917.0468400899306
408,8227,2,3477,1738,521,2,1920.3102689704763
409,10693,4,2849,1424,427,1,1922.1926728625192
410,91569,1,1590,795,238,1,1926.8544043449765
411,1559,1,284,142,42,3,1927.6038583187546
412,12442,1,1573,786,235,2,1939.030611990435
413,2372,1,2426,1213,363,1,1947.8707995104362
414,1000,1,3053,1526,457,0,1949.7809936627348
415,7529,1,1760,880,264,1,1965.0475386949047
416,8489,2,2705,1352,405,1,1973.7681247250025
417,20646,1,2502,1251,375,1,1979.2557923662253
418,5847,1,3136,1568,470,2,1979.904980117567
419,1000,4,1022,511,153,0,1983.1576606757692
420,2359,2,2272,1136,340,2,1986.6848482150742
421,58421,1,640,320,96,1,1988.0082668060581
422,2310,1,343,171,51,2,1988.4249867801564
423,87102,1,3331,1665,499,2,1995.9217115282192
424,39142,2,3459,1729,518,0,1996.5724545724038
425,5030,2,2300,1150,345,1,2001.0830471239824
426,2714,2,3281,1640,492,1,2014.8626235337865
427,39021,1,3482,1741,522,2,2025.3042355378566
428,5645,2,1834,917,275,2,2026.931173399788
429,1000,1,2234,1117,335,1,2036.4652959271116
430,18835,1,1695,847,254,1,2036.4669587341762
431,15152,1,2336,1168,350,1,2036.556189275845
432,44647,1,2459,1229,368,2,2041.1696597725906
433,13689,1,2281,1140,342,1,2043.4387225997875
434,3555,2,1256,628,188,1,2045.881278541171
435,54421,4,3638,1819,545,1,2050.0369046591286
436,62974,1,355,177,53,0,2051.10152475198
437,11496,1,3899,1949,584,2,2052.2912585950353
438,8870,1,3781,1890,567,0,2055.6053338948705
439,1113,1,2493,1246,373,2,2062.6226086079596
440,3257,1,1615,807,242,1,2067.4539245685855
441,25365,4,929,464,139,1,2069.2184423787326
442,3512,1,1750,875,262,2,2072.0319955420896
443,1000,1,2033,1016,304,3,2072.9676496071397
444,100000,1,3049,1524,457,2,2073.3554567111996
445,1000,2,599,299,89,1,2080.987747569481
446,100000,2,1207,603,180,1,2082.529807599779
447,5109,4,2800,1400,420,2,2083.5084612228225
448,7137,2,2188,1094,328,1,2089.3905421475797
449,2955,1,3639,1819,545,1,2094.202891910224
450,26219,1,1169,584,175,2,2099.2174431931926
451,1000,2,2869,1434,430,2,2100.517094270544
452,1000,1,3148,1574,472,3,2101.841126492014
453,90694,1,2288,1144,343,3,2103.0885810002196
454,2426,1,356,178,53,2,2104.042886146813
455,24813,1,298,149,44,0,2109.3744394799446
456,1590,1,422,211,63,1,2118.7943358390294
457,23450,1,316,158,47,1,2125.2368624778533
458,100000,2,553,276,82,1,2133.090199792576
459,3675,1,1104,552,165,1,2135.684475573381
460,1000,1,1230,615,184,1,2140.9921535218346
461,100000,1,2833,1416,424,1,2143.1787612186645
462,32512,1,1046,523,156,1,2146.9062782271308
463,3982,1,3381,1690,507,0,2150.1916550051274
464,5843,1,626,313,93,1,2151.164964812697
465,1531,1,1949,974,292,1,2153.612558986293
466,68212,1,2937,1468,440,2,2170.2091174581383
467,3633,1,993,496,148,1,2171.6380718190658
468,1000,1,953,476,142,1,2172.356290637192
469,11164,1,3907,1953,585,2,2175.067705441555
470,2230,1,1986,993,297,1,2182.878991986122
471,1728,1,2246,1123,336,0,2187.2421346163583
472,4250,2,2423,1211,363,1,2192.954560955517
473,9223,1,273,136,40,1,2194.0062828135783
474,1020,1,1769,884,265,3,2198.830382497287
475,64713,1,3974,1987,596,1,2200.7844995729283
476,22375,2,1447,723,216,2,2209.772482914444
477,4684,2,2757,1378,413,0,2214.734277654075
478,2090,2,597,298,89,1,2215.842852251644
479,7088,2,3705,1852,555,1,2216.1768465797754
480,31230,1,320,160,48,1,2216.394690027658
481,24757,2,1219,609,182,1,2218.7160589498803
482,39646,1,2669,1334,400,1,2220.261276249047
483,3941,1,4016,2008,602,1,2225.454841170613
484,1000,1,179,89,26,2,2228.913919857019
485,52665,1,3057,1528,458,1,2230.4602824321446
486,6305,4,2538,1269,380,2,2231.268395429636
487,22009,1,1948,974,292,2,2231.9486382924624
488,99095,2,3092,1546,463,1,2241.9484785206064
489,100000,1,2649,1324,397,0,2243.343596636194
490,3057,1,1997,998,299,1,2248.617205002036
491,9906,1,2696,1348,404,2,2256.938944434166
492,62959,1,1914,957,287,1,2261.6995873463907
493,2283,2,1582,791,237,2,2271.5146482474174
494,3384,1,1995,997,299,1,2274.005789122829
495,3354,1,3497,1748,524,2,2289.6489302518476
496,7768,2,3634,1817,545,0,2290.363348073728
497,5824,1,3895,1947,584,2,2290.902106766929
498,3325,4,2866,1433,429,1,2296.276958826575
499,1903,1,3397,1698,509,1,2310.585688622346
500,27389,1,3327,1663,498,1,2318.860048064844
501,60279,1,2707,1353,405,1,2319.257520343422
502,74912,1,2135,1067,320,3,2320.8956517296797
503,3937,1,1562,781,234,1,2334.2147814422615
504,29160,2,967,483,144,1,2335.673623043277
505,11550,2,3264,1632,489,1,2343.270933257883
506,3442,2,3893,1946,583,1,2351.9895582370223
507,24375,1,368,184,55,1,2355.4100207623446
508,3213,1,3568,1784,535,2,2357.8516646095254
509,4608,1,663,331,99,1,2360.841980945101
510,1027,1,1535,767,230,3,2362.129133734666
511,4038,2,3630,1815,544,1,2373.137899037746
512,11858,1,210,105,31,1,2376.1327204602503
513,85254,1,1109,554,166,2,2386.8375795470192
514,4768,1,4030,2015,604,2,2387.3961130416865
515,1707,4,3896,1948,584,1,2409.626388431359
516,76577,1,1078,539,161,2,2412.55479064109
517,3801,1,4027,2013,603,1,2412.799853392636
518,1000,1,738,369,110,1,2412.9936710918355
519,9893,1,701,350,105,2,2419.8498576887846
520,4978,1,2461,1230,369,1,2425.229742753806
521,100000,1,1116,558,167,1,2433.3304820051058
522,16531,2,3733,1866,559,2,2433.8871934926524
523,6506,1,586,293,87,3,2434.068288116395
524,2024,2,3411,1705,511,1,2437.6205614852292
525,13296,4,2301,1150,345,1,2440.072370628346
526,72046,2,3612,1806,541,1,2443.1713610931506
527,12935,1,1650,825,247,3,2467.0620842327457
528,2272,1,2600,1300,390,2,2484.7214555234896
529,18182,2,2729,1364,409,1,2498.985279822573
530,7533,2,2785,1392,417,1,2506.644023763158
531,15881,1,2112,1056,316,1,2508.835318959847
532,4758,2,1694,847,254,2,2511.4915740918127
533,4594,1,3357,1678,503,2,2515.479848210996
534,4330,1,2287,1143,342,2,2524.35537648825
535,33301,1,2577,1288,386,3,2524.711314481725
536,4664,1,3958,1979,593,0,2527.472130371964
537,4065,1,249,124,37,1,2527.903285126112
538,1972,2,400,200,60,1,2531.5177882765397
539,16010,1,1445,722,216,1,2542.976054793524
540,12933,1,525,262,78,0,2550.6034903860523
541,4133,1,2646,1323,396,0,2551.8963235232222
542,2795,1,1112,556,166,2,2570.5429247961265
543,100000,1,1358,679,203,2,2576.0462527430627
544,1000,2,1261,630,189,1,2576.0986649870338
545,16979,2,3639,1819,545,1,2577.5732961254316
546,56224,2,1429,714,214,1,2579.083643507747
547,1000,2,3767,1883,564,2,2579.4424894723657
548,26667,1,2038,1019,305,2,2595.5152302456377
549,5823,1,2744,1372,411,1,2598.768114649648
550,11897,1,1633,816,244,1,2610.0760308967365
551,4989,1,4002,2001,600,0,2612.020660363014
552,40663,4,3313,1656,496,0,2612.689652192495
553,13970,1,2044,1022,306,1,2615.9051185060157
554,9873,1,3072,1536,460,2,2616.510065428801
555,2104,2,947,473,141,2,2619.837876305885
556,100000,4,3028,1514,454,1,2632.4851279380164
557,8224,2,3676,1838,551,2,2636.16298170006
558,100000,1,2885,1442,432,3,2640.9550564302453
559,100000,1,2084,1042,312,1,2641.8068539929695
560,1000,1,2496,1248,374,1,2642.0304583039438
561,3033,1,306,153,45,3,2642.617668560196
562,1710,1,1024,512,153,1,2647.1808005251096
563,7537,1,2394,1197,359,3,2647.679966837255
564,10729,4,2964,1482,444,3,2650.037934419019
565,11440,1,2100,1050,315,2,2654.031494565127
566,39387,2,1679,839,251,2,2656.491945716072
567,76143,2,619,309,92,2,2657.3856882635487
568,34586,1,4090,2045,613,2,2658.9852775147983
569,3493,2,188,94,28,1,2672.1628229745115
570,2507,1,1205,602,180,0,2677.79760827304
571,8136,1,1831,915,274,1,2681.223977940197
572,15354,2,2713,1356,406,2,2681.2879600202004
573,6156,1,3023,1511,453,1,2705.6961373590475
574,1076,4,3163,1581,474,0,2711.2615436889237
575,22540,1,192,96,28,1,2713.167278302409
576,4498,1,3811,1905,571,2,2723.7382159650824
577,4299,1,713,356,106,3,2725.2331554829498
578,7465,1,1855,927,278,3,2729.159649622878
579,5654,1,2346,1173,351,1,2734.213628803357
580,4676,2,3472,1736,520,2,2735.4627567341995
581,1187,2,4088,2044,613,2,2754.637436688065
582,6847,2,3898,1949,584,1,2761.5328767542946
583,23258,1,662,331,99,1,2765.6129913515124
584,12051,2,3590,1795,538,1,2766.6088729588937
585,33596,2,2868,1434,430,3,2766.8856871302332
586,2716,2,3526,1763,528,1,2768.8144394986566
587,1191,1,2283,1141,342,1,2775.81006787422
588,5603,2,1998,999,299,2,2777.379043546298
589,3224,2,3361,1680,504,1,2781.25686612883
590,3768,1,2989,1494,448,1,2787.765661270557
591,11132,2,1132,566,169,2,2788.3367915116605
592,3809,1,2627,1313,393,0,2794.117437366075
593,1242,1,1357,678,203,2,2794.599280947763
594,3503,1,2765,1382,414,1,2811.3798860630313
595,13495,1,1167,583,174,2,2814.730889741344
596,22186,1,454,227,68,2,2815.547463075584
597,21853,2,735,367,110,1,2817.643130831447
598,15316,1,2834,1417,425,1,2820.3103316543966
599,6297,2,129,64,19,2,2827.408243423356
600,14874,2,1161,580,174,2,2834.2098910643567
601,7604,1,2609,1304,391,2,2838.942874136128
602,9601,2,252,126,37,2,2839.502734156532
603,1980,4,1232,616,184,1,2840.324568934339
604,8654,2,2660,1330,399,1,2840.816807481423
605,14299,2,2827,1413,423,3,2845.120765753982
606,13516,4,1989,994,298,1,2855.6042512452295
607,1174,2,1301,650,195,1,2858.4482953003735
608,9361,1,2975,1487,446,1,2859.325113441216
609,1000,2,3048,1524,457,1,2863.407819239942
610,10514,2,3539,1769,530,1,2871.7578001826946
611,2829,1,256,128,38,3,2878.526201561311
612,100000,1,565,282,84,1,2889.188336777578
613,9690,2,878,439,131,1,2890.816309527097
614,26950,1,2676,1338,401,3,2891.8943810344617
615,100000,4,3257,1628,488,3,2902.488058137195
616,2377,1,1349,674,202,1,2907.8463567996387
617,15576,1,2386,1193,357,1,2909.7084111186737
618,1368,1,1029,514,154,2,2916.489139308933
619,13593,1,2220,1110,333,2,2924.929337183171
620,100000,2,3296,1648,494,2,2929.701614321656
621,3159,4,1430,715,214,2,2935.5235179088954
622,2145,2,2710,1355,406,2,2937.8756157231073
623,7067,1,1561,780,234,1,2941.7441022040393
624,100000,1,2636,1318,395,2,2945.4574615688102
625,25759,2,518,259,77,1,2954.878407683354
626,2085,4,4046,2023,606,2,2964.040189512596
627,71868,1,1195,597,179,2,2972.979439200088
628,1000,1,154,77,23,0,2973.034903768876
629,100000,1,2969,1484,445,1,2979.957293517226
630,29280,2,3296,1648,494,1,2987.065375850183
631,100000,2,3150,1575,472,1,2992.7372803227545
632,1000,1,675,337,101,2,2999.7956418520125
633,10447,1,2796,1398,419,1,3009.0205055588253
634,6628,2,694,347,104,2,3012.197907771702
635,1789,1,831,415,124,0,3015.6841879583985
636,1159,1,1370,685,205,2,3016.3502112279393
637,17337,1,312,156,46,2,3018.783933177822
638,19862,1,3268,1634,490,2,3023.9391478460875
639,56951,1,4028,2014,604,1,3031.518880595995
640,3808,2,3329,1664,499,3,3032.7433289235673
641,6552,2,1718,859,257,1,3033.484801803615
642,1018,2,2041,1020,306,0,3038.92378679778
643,81730,2,3808,1904,571,1,3038.933195061398
644,8994,1,975,487,146,0,3039.9155363227105
645,23953,2,726,363,108,3,3040.063047950664
646,25256,1,933,466,139,1,3040.9759666135883
647,72305,2,3830,1915,574,2,3041.976272175167
648,2328,4,3919,1959,587,2,3044.428721158842
649,23072,1,1485,742,222,1,3047.002279688623
650,7804,1,3353,1676,502,2,3057.370072912536
651,100000,1,3746,1873,561,0,3060.9379419925676
652,2317,1,2254,1127,338,1,3067.3639424383487
653,46964,1,2754,1377,413,0,3067.9137833333953
654,13704,2,2006,1003,300,3,3069.191076063528
655,12667,4,2588,1294,388,3,3075.2602396830007
656,8787,1,673,336,100,1,3075.531485663496
657,61083,1,1760,880,264,1,3078.864962948877
658,12037,1,2344,1172,351,2,3083.438534894441
659,1000,2,2856,1428,428,1,3088.046881296943
660,50476,1,3862,1931,579,2,3088.162880591201
661,38342,1,2758,1379,413,1,3090.106717101222
662,19549,1,2690,1345,403,1,3095.166468416621
663,1491,1,3513,1756,526,2,3095.973182618425
664,1882,1,2207,1103,330,1,3101.9172186844717
665,1000,2,2462,1231,369,3,3108.767851693557
666,16163,1,2769,1384,415,3,3128.8462184055306
667,1070,2,3242,1621,486,1,3130.023830140575
668,1000,1,2054,1027,308,0,3138.7424114222504
669,54856,2,744,372,111,3,3142.4153475953512
670,25649,2,3200,1600,480,3,3144.75308161308
671,4915,1,3772,1886,565,0,3145.4057710431366
672,6627,1,2445,1222,366,2,3152.05544716543
673,1000,1,1331,665,199,1,3153.400452758572
674,32052,2,1887,943,282,1,3155.7219285416727
675,2866,1,2693,1346,403,2,3156.044846362552
676,13298,4,3302,1651,495,1,3164.1263261337203
677,1000,1,3209,1604,481,3,3171.4010880907604
678,35113,2,2758,1379,413,1,3178.0151669115717
679,2619,2,3289,1644,493,2,3179.7945682853733
680,1028,2,353,176,52,1,3180.747224552576
681,4868,1,797,398,119,1,3185.821613312342
682,3312,1,1891,945,283,2,3189.2491592754595
683,40595,2,1044,522,156,1,3190.230769617739
684,4313,1,2301,1150,345,1,3196.0211684013225
685,62562,1,3131,1565,469,1,3219.644559844392
686,13295,1,3408,1704,511,0,3226.520730358733
687,30994,1,3296,1648,494,2,3233.255836810912
688,8076,1,2249,1124,337,1,3248.26587169595
689,54616,1,3826,1913,573,1,3249.399975513189
690,1435,1,1342,671,201,1,3253.5683471879615
691,9608,2,1833,916,274,1,3273.040911971584
692,4470,2,1970,985,295,1,3273.94429119601
693,65837,2,2111,1055,316,1,3279.9683563061353
694,76768,4,3915,1957,587,1,3284.3755104344636
695,8108,1,183,91,27,2,3288.7907464483164
696,1167,1,847,423,126,2,3294.7719375411634
697,15377,1,2728,1364,409,1,3308.04094967352
698,1000,1,2207,1103,330,0,3315.6706158454426
699,92893,4,3726,1863,558,1,3315.959482348337
700,3984,1,701,350,105,1,3325.5368533323226
701,7739,1,794,397,119,1,3326.81480825189
702,2917,1,411,205,61,1,3329.1801632137694
703,2095,1,1872,936,280,1,3332.277164279402
704,24487,2,4031,2015,604,1,3335.555515760067
705,6387,1,3693,1846,553,0,3338.4117602077536
706,8636,4,2362,1181,354,0,3352.26298110916
707,1797,1,625,312,93,1,3358.3841819374197
708,29263,1,1593,796,238,1,3363.3712879227905
709,34087,2,257,128,38,1,3363.6269230311273
710,5923,1,766,383,114,1,3375.339446456198
711,54278,4,3491,1745,523,1,3387.3454105352703
712,6931,4,2289,1144,343,1,3394.9208938954544
713,26098,2,3398,1699,509,1,3394.9561640207085
714,1000,2,2188,1094,328,1,3395.251095178114
715,13768,1,3470,1735,520,0,3396.5269998750346
716,5392,4,3800,1900,570,1,3397.2310714514942
717,10232,1,3414,1707,512,2,3399.7755092142247
718,9566,2,2619,1309,392,1,3412.570841468629
719,9784,4,3989,1994,598,1,3415.7647087712953
720,20405,4,3711,1855,556,2,3415.8321750327473
721,3471,2,2622,1311,393,1,3417.4937991051925
722,19027,1,1113,556,166,1,3417.7218983488224
723,51471,4,1120,560,168,2,3417.906710311812
724,1000,2,2890,1445,433,2,3419.519595402819
725,2512,4,2249,1124,337,1,3421.1317383332275
726,2676,2,2712,1356,406,1,3428.867026675212
727,1574,1,228,114,34,1,3447.2784633810033
728,3975,1,2351,1175,352,0,3449.5982299788157
729,38165,1,554,277,83,1,3452.399069870672
730,71067,2,3316,1658,497,0,3461.7139329125816
731,9502,1,3365,1682,504,1,3463.2747564186857
732,4982,1,168,84,25,3,3464.1250327268067
733,27021,1,556,278,83,3,3473.714695532575
734,1000,2,471,235,70,1,3473.9527778774814
735,1664,1,3623,1811,543,2,3478.7867448377397
736,1000,1,493,246,73,1,3482.9143450315123
737,1638,1,3319,1659,497,2,3485.036976506596
738,2564,1,736,368,110,1,3486.9300422672754
739,74348,1,2832,1416,424,0,3494.3189714505975
740,1000,1,855,427,128,1,3494.7709183439397
741,4337,1,2404,1202,360,1,3496.121991343845
742,20523,4,952,476,142,1,3502.714211715494
743,15004,2,3329,1664,499,2,3506.6881247496085
744,72591,1,1503,751,225,2,3507.372886413812
745,10317,4,1016,508,152,1,3518.063989358885
746,14205,1,2171,1085,325,1,3520.5638121762267
747,1000,2,1469,734,220,0,3529.361291351606
748,1840,2,3159,1579,473,2,3537.110372448583
749,1000,1,3848,1924,577,3,3542.006863862597
750,19128,1,3011,1505,451,3,3545.417713434614
751,13671,1,3536,1768,530,2,3564.8667808936148
752,12968,1,1424,712,213,1,3565.649845692925
753,2159,2,244,122,36,0,3572.107598811514
754,1882,1,2993,1496,448,1,3573.1685593846973
755,11094,1,2543,1271,381,3,3575.2329955953196
756,2968,1,1245,622,186,1,3577.078893486615
757,1753,1,295,147,44,0,3591.7696065366276
758,3779,1,3129,1564,469,2,3608.880104804964
759,3007,1,1866,933,279,0,3609.8907802444287
760,2208,2,1492,746,223,1,3610.0021880485187
761,1288,1,2836,1418,425,2,3616.367159995057
762,15883,1,822,411,123,1,3619.0734976732824
763,83623,2,1052,526,157,0,3619.538682848048
764,7642,1,279,139,41,2,3625.2948589534803
765,11312,2,713,356,106,2,3629.233308039353
766,18116,2,4076,2038,611,3,3648.9243273015873
767,14042,1,1040,520,156,1,3650.2143578996456
768,2274,1,2449,1224,367,0,3652.801745361387
769,100000,1,1705,852,255,2,3656.7121379413366
770,2601,1,623,311,93,1,3664.5560173177487
771,21421,1,3923,1961,588,1,3668.5356686068653
772,17948,1,2276,1138,341,2,3673.2810317916415
773,1000,1,684,342,102,1,3674.562898854526
774,4730,1,1233,616,184,1,3683.9468304028105
775,8821,2,1680,840,252,0,3686.7454266552395
776,9894,1,2248,1124,337,1,3687.5051234487883
777,12735,1,3213,1606,481,1,3692.961141172937
778,25247,1,3632,1816,544,1,3694.1784493691803
779,8012,2,284,142,42,2,3694.6917286421653
780,13793,1,862,431,129,3,3704.5937623006093
781,7574,2,2307,1153,345,1,3707.676195672476
782,1761,1,3537,1768,530,0,3714.5933622155744
783,8506,2,3194,1597,479,0,3716.309953218462
784,24925,1,1555,777,233,1,3724.0415677756982
785,42752,1,3575,1787,536,2,3724.6351246973877
786,18141,1,4087,2043,612,2,3726.835200740855
787,59965,1,686,343,102,2,3745.9328341844225
788,15188,1,2282,1141,342,1,3753.831980138897
789,29608,1,3819,1909,572,1,3757.2703503696553
790,33060,2,2440,1220,366,1,3759.346242052098
791,5796,4,3404,1702,510,0,3769.630170721355
792,24076,1,3278,1639,491,2,3773.565787324241
793,1976,1,282,141,42,3,3780.6686641695705
794,13694,1,3982,1991,597,1,3787.682971988279
795,19255,2,3163,1581,474,2,3787.773515263367
796,39208,1,1124,562,168,1,3788.448341837466
797,27754,4,2422,1211,363,1,3793.8369426187624
798,39981,1,658,329,98,1,3794.718360596602
799,6980,1,3033,1516,454,1,3796.193528034353
800,4826,2,2099,1049,314,0,3810.846805726964
801,5365,2,2713,1356,406,2,3814.953780034281
802,12081,1,856,428,128,2,3821.899863308588
803,1000,1,1305,652,195,1,3825.981872410783
804,59732,4,281,140,42,1,3830.0024182399106
805,8654,1,3885,1942,582,2,3830.4968365310006
806,4348,2,219,109,32,2,3832.602242510477
807,1000,1,3632,1816,544,2,3834.2616726481515
808,7667,2,2513,1256,376,1,3836.7391280343536
809,6016,2,1631,815,244,3,3844.7450927192226
810,2109,1,1844,922,276,1,3847.0706322270644
811,2952,2,3330,1665,499,2,3850.0752667042793
812,7785,1,2625,1312,393,0,3852.6076205579147
813,3353,1,2144,1072,321,2,3853.097934226817
814,19107,1,2985,1492,447,1,3856.0066087202495
815,2635,1,914,457,137,1,3857.094959465511
816,10218,2,400,200,60,1,3858.128378854198
817,47575,1,2155,1077,323,1,3858.622157974709
818,7670,1,2763,1381,414,2,3860.827652881363
819,13821,1,304,152,45,2,3867.91104722884
820,12568,1,3895,1947,584,3,3869.5289179419965
821,8200,1,3006,1503,450,1,3871.401287868791
822,7328,2,770,385,115,2,3876.546830814585
823,3439,4,2026,1013,303,2,3877.636620990118
824,10163,2,3248,1624,487,1,3888.99971064838
825,5298,1,694,347,104,0,3892.6715415349595
826,82383,1,793,396,118,2,3895.638982436315
827,27356,1,3554,1777,533,3,3899.719175806502
828,1000,1,3911,1955,586,2,3900.6269909097755
829,1000,1,1459,729,218,1,3905.379760481658
830,6662,1,3043,1521,456,1,3907.63547937265
831,4478,1,4084,2042,612,1,3919.0096646966176
832,6156,4,3829,1914,574,2,3919.9344149780536
833,21520,1,1926,963,288,2,3923.471163824397
834,13011,1,1197,598,179,1,3928.0290808352897
835,12815,1,2477,1238,371,2,3928.198848609669
836,70918,1,3043,1521,456,1,3930.459220228502
837,1008,2,3087,1543,462,3,3937.054927182318
838,9470,1,535,267,80,1,3945.63941665249
839,3399,1,1340,670,201,1,3947.5177007268967
840,69783,1,2997,1498,449,1,3955.5298452018924
841,1000,1,1981,990,297,1,3972.701942642449
842,1000,1,1280,640,192,0,3982.422089998273
843,12796,2,2736,1368,410,1,3983.0478883126425
844,43890,2,3736,1868,560,1,3989.7780733185637
845,25845,2,3465,1732,519,2,3991.703936561094
846,2437,1,1269,634,190,0,4013.9945842077263
847,77624,2,2639,1319,395,1,4017.316012587993
848,1277,1,271,135,40,0,4017.9690275728617
849,57597,1,2617,1308,392,2,4024.427323218568
850,1557,2,3399,1699,509,0,4026.3778259555556
851,4780,1,3356,1678,503,3,4055.5555295823933
852,21139,1,614,307,92,2,4075.0615527243563
853,1000,2,987,493,147,1,4080.39906914829
854,73389,1,3333,1666,499,1,4081.094382164611
855,4736,1,2063,1031,309,1,4086.8999226153055
856,9955,1,275,137,41,1,4087.388154824538
857,46318,2,1487,743,222,2,4087.5371744053127
858,2465,4,3270,1635,490,3,4096.1940284395705
859,39784,2,3432,1716,514,0,4097.371076729361
860,94921,1,1485,742,222,1,4099.753416126936
861,3030,1,2986,1493,447,2,4117.898435686388
862,63201,1,2841,1420,426,2,4119.952134423305
863,1000,1,217,108,32,0,4121.7104988082765
864,14536,1,1485,742,222,1,4134.2283779835525
865,1283,1,326,163,48,1,4134.8152535827985
866,33317,1,3360,1680,504,2,4141.942143131586
867,29456,4,665,332,99,1,4164.08378062437
868,100000,1,3320,1660,498,1,4175.66193020275
869,68317,1,428,214,64,3,4180.934925190902
870,6319,1,851,425,127,2,4182.819756579011
871,1599,4,1726,863,258,2,4184.287063489548
872,18930,2,3138,1569,470,1,4192.840406794853
873,7397,2,1587,793,237,1,4203.434309724414
874,83011,4,195,97,29,3,4207.161092223061
875,1000,1,3964,1982,594,1,4208.5619105283295
876,100000,1,2634,1317,395,1,4209.161141888971
877,17997,1,1665,832,249,1,4209.617221824352
878,2393,1,525,262,78,0,4215.96560312933
879,24366,1,747,373,111,1,4218.6902626272395
880,56734,1,3485,1742,522,2,4230.47863128168
881,9619,4,1712,856,256,3,4237.207682373959
882,1000,4,1291,645,193,3,4238.2690739477175
883,5214,2,857,428,128,1,4243.0257811502925
884,38526,2,683,341,102,1,4245.884903939252
885,17068,2,2080,1040,312,0,4250.189772210984
886,6407,1,2956,1478,443,2,4256.888145408817
887,57668,1,3789,1894,568,1,4265.092682038321
888,24562,2,1879,939,281,2,4274.373766451611
889,27570,2,3069,1534,460,2,4275.838746447347
890,4376,1,2785,1392,417,1,4275.9967963091885
891,3785,4,2923,1461,438,1,4282.718620125446
892,1000,1,2457,1228,368,3,4283.280790420501
893,5491,1,2836,1418,425,3,4285.171885714118
894,32961,2,3099,1549,464,1,4285.1910079039835
895,5966,1,4015,2007,602,1,4290.91433326623
896,15808,1,1123,561,168,3,4291.828733898882
897,42907,1,2087,1043,312,0,4297.153882778811
898,14175,2,1729,864,259,1,4321.137120729126
899,16412,1,2921,1460,438,1,4321.514354377244
900,1057,2,1608,804,241,1,4321.915407217454
901,4994,1,2262,1131,339,0,4323.995864756626
902,100000,1,1230,615,184,1,4334.059885165333
903,9468,4,3404,1702,510,1,4335.273619071335
904,100000,1,2966,1483,444,1,4337.50800717429
905,2738,4,3536,1768,530,3,4337.8628316401555
906,11509,1,3453,1726,517,2,4345.064584590096
907,4564,4,2479,1239,371,2,4347.688415834646
908,19692,1,1531,765,229,2,4354.8083706638945
909,31023,1,2305,1152,345,0,4366.505022931738
910,20004,1,2771,1385,415,1,4367.829821536659
911,38668,1,1427,713,213,3,4376.065417381294
912,7944,2,1850,925,277,1,4376.369976987749
913,6088,1,2733,1366,409,1,4387.825601459993
914,1000,1,1026,513,153,2,4393.085703405396
915,21113,1,1334,667,200,1,4403.4520753594725
916,10491,1,3467,1733,519,1,4403.453017446002
917,7318,2,4007,2003,600,3,4404.379132678373
918,6086,1,3521,1760,528,2,4406.848642442106
919,7666,2,1663,831,249,1,4409.234814209293
920,5685,2,3811,1905,571,3,4410.520451699772
921,3670,2,205,102,30,2,4412.9236471476315
922,11607,1,2959,1479,443,2,4413.613345260677
923,16751,2,3538,1769,530,0,4416.2749632962705
924,2550,4,2849,1424,427,1,4424.381360259459
925,4442,2,3755,1877,563,2,4427.642058881445
926,5961,1,1660,830,249,2,4427.732879187462
927,8161,2,365,182,54,2,4430.468979221593
928,6685,2,1285,642,192,1,4430.606734649731
929,21798,2,2124,1062,318,1,4447.549632861746
930,1000,1,1343,671,201,2,4448.231332150386
931,1000,1,3555,1777,533,1,4454.381005502257
932,10833,2,405,202,60,1,4472.399346514363
933,3281,1,3217,1608,482,0,4481.143968713474
934,30526,2,651,325,97,0,4487.152435320522
935,46849,1,307,153,45,2,4496.298524378294
936,11505,1,250,125,37,2,4516.329833821345
937,1623,1,1397,698,209,1,4521.185476076283
938,39414,1,1885,942,282,1,4525.281123848642
939,10920,4,3572,1786,535,2,4530.228632406339
940,1000,2,3250,1625,487,1,4534.032293553399
941,1000,2,1222,611,183,1,4539.072803958315
942,78859,1,607,303,90,3,4542.060554694848
943,61494,2,3759,1879,563,1,4543.292891840442
944,1000,2,3218,1609,482,3,4543.933463591435
945,1057,1,1925,962,288,1,4544.287405300827
946,44859,1,2259,1129,338,1,4545.815385053141
947,7881,2,3354,1677,503,1,4546.051490744576
948,23220,2,2740,1370,411,3,4550.238550942972
949,7384,4,2794,1397,419,1,4551.90772865093
950,21627,1,2532,1266,379,1,4560.609301613059
951,8174,2,943,471,141,3,4560.995007614015
952,4203,1,2822,1411,423,1,4562.278195791992
953,39660,1,570,285,85,1,4568.829422750413
954,10971,1,3268,1634,490,1,4573.396002260563
955,21559,1,2698,1349,404,2,4573.729326274257
956,10261,1,270,135,40,0,4584.216924410741
957,3906,1,319,159,47,0,4594.705431132759
958,90452,2,1538,769,230,1,4596.710864698248
959,13800,2,505,252,75,1,4598.791517434573
960,4757,1,2756,1378,413,3,4621.353724268894
961,55132,4,662,331,99,3,4626.273577466823
962,1117,1,1844,922,276,2,4630.062715578388
963,100000,1,3492,1746,523,2,4639.168209527929
964,6193,2,1160,580,174,2,4640.847603959872
965,1209,1,3470,1735,520,1,4643.651033453589
966,100000,1,1538,769,230,2,4645.209382070689
967,4045,1,2268,1134,340,1,4652.992680782273
968,11671,1,2117,1058,317,1,4657.25162948364
969,23778,2,2704,1352,405,2,4662.628429195849
970,47870,1,1305,652,195,1,4664.082244931903
971,12703,1,532,266,79,2,4665.325996176617
972,3068,1,3015,1507,452,1,4668.676809271597
973,11254,2,1300,650,195,2,4675.365582776891
974,4320,1,1016,508,152,0,4679.090309552151
975,11772,2,3466,1733,519,2,4679.256261734759
976,93174,1,549,274,82,2,4689.40196267044
977,25182,1,4039,2019,605,1,4689.736332332966
978,11047,1,1769,884,265,1,4705.334255201508
979,24532,1,599,299,89,0,4705.461572285598
980,27313,1,3068,1534,460,1,4711.389788987903
981,1608,1,674,337,101,2,4711.818706354918
982,8626,4,758,379,113,3,4723.89616414053
983,100000,1,3725,1862,558,1,4727.018312746946
984,49972,2,3702,1851,555,2,4727.758051224255
985,3807,1,1165,582,174,2,4729.841811809752
986,3278,1,2953,1476,442,1,4730.742379842388
987,3118,1,3851,1925,577,2,4731.677534454075
988,29717,4,1957,978,293,2,4746.470518520325
989,90351,1,491,245,73,1,4749.41667206605
990,19404,1,2294,1147,344,1,4757.191474298332
991,10257,1,3437,1718,515,0,4762.29425521802
992,4162,1,673,336,100,3,4767.935898032687
993,13280,1,3368,1684,505,3,4768.641950258646
994,2368,1,2697,1348,404,2,4769.976019910766
995,1000,1,761,380,114,0,4777.702478232076
996,94394,1,2064,1032,309,1,4795.364627863928
997,1792,2,1808,904,271,1,4796.88826475687
998,4977,1,1090,545,163,0,4798.472575007109
999,21688,1,3133,1566,469,2,4801.674372785016
